[
    {"id":1, "name":"0-circle"},
    {"id":2, "name":"0-circle-fill"},
    {"id":3, "name":"0-square"},
    {"id":4, "name":"0-square-fill"},
    {"id":5, "name":"1-circle"},
    {"id":6, "name":"1-circle-fill"},
    {"id":7, "name":"1-square"},
    {"id":8, "name":"1-square-fill"},
    {"id":9, "name":"123"},
    {"id":10, "name":"2-circle"},
    {"id":11, "name":"2-circle-fill"},
    {"id":12, "name":"2-square"},
    {"id":13, "name":"2-square-fill"},
    {"id":14, "name":"3-circle"},
    {"id":15, "name":"3-circle-fill"},
    {"id":16, "name":"3-square"},
    {"id":17, "name":"3-square-fill"},
    {"id":18, "name":"4-circle"},
    {"id":19, "name":"4-circle-fill"},
    {"id":20, "name":"4-square"},
    {"id":21, "name":"4-square-fill"},
    {"id":22, "name":"5-circle"},
    {"id":23, "name":"5-circle-fill"},
    {"id":24, "name":"5-square"},
    {"id":25, "name":"5-square-fill"},
    {"id":26, "name":"6-circle"},
    {"id":27, "name":"6-circle-fill"},
    {"id":28, "name":"6-square"},
    {"id":29, "name":"6-square-fill"},
    {"id":30, "name":"7-circle"},
    {"id":31, "name":"7-circle-fill"},
    {"id":32, "name":"7-square"},
    {"id":33, "name":"7-square-fill"},
    {"id":34, "name":"8-circle"},
    {"id":35, "name":"8-circle-fill"},
    {"id":36, "name":"8-square"},
    {"id":37, "name":"8-square-fill"},
    {"id":38, "name":"9-circle"},
    {"id":39, "name":"9-circle-fill"},
    {"id":40, "name":"9-square"},
    {"id":41, "name":"9-square-fill"},
    {"id":42, "name":"activity"},
    {"id":43, "name":"airplane"},
    {"id":44, "name":"airplane-engines"},
    {"id":45, "name":"airplane-engines-fill"},
    {"id":46, "name":"airplane-fill"},
    {"id":47, "name":"alarm"},
    {"id":48, "name":"alarm-fill"},
    {"id":49, "name":"alexa"},
    {"id":50, "name":"align-bottom"},
    {"id":51, "name":"align-center"},
    {"id":52, "name":"align-end"},
    {"id":53, "name":"align-middle"},
    {"id":54, "name":"align-start"},
    {"id":55, "name":"align-top"},
    {"id":56, "name":"alipay"},
    {"id":57, "name":"alphabet"},
    {"id":58, "name":"alphabet-uppercase"},
    {"id":59, "name":"alt"},
    {"id":60, "name":"amazon"},
    {"id":61, "name":"amd"},
    {"id":62, "name":"android"},
    {"id":63, "name":"android2"},
    {"id":64, "name":"app"},
    {"id":65, "name":"app-indicator"},
    {"id":66, "name":"apple"},
    {"id":67, "name":"archive"},
    {"id":68, "name":"archive-fill"},
    {"id":69, "name":"arrow-90deg-down"},
    {"id":70, "name":"arrow-90deg-left"},
    {"id":71, "name":"arrow-90deg-right"},
    {"id":72, "name":"arrow-90deg-up"},
    {"id":73, "name":"arrow-bar-down"},
    {"id":74, "name":"arrow-bar-left"},
    {"id":75, "name":"arrow-bar-right"},
    {"id":76, "name":"arrow-bar-up"},
    {"id":77, "name":"arrow-clockwise"},
    {"id":78, "name":"arrow-counterclockwise"},
    {"id":79, "name":"arrow-down"},
    {"id":80, "name":"arrow-down-circle"},
    {"id":81, "name":"arrow-down-circle-fill"},
    {"id":82, "name":"arrow-down-left-circle"},
    {"id":83, "name":"arrow-down-left-circle-fill"},
    {"id":84, "name":"arrow-down-left-square"},
    {"id":85, "name":"arrow-down-left-square-fill"},
    {"id":86, "name":"arrow-down-right-circle"},
    {"id":87, "name":"arrow-down-right-circle-fill"},
    {"id":88, "name":"arrow-down-right-square"},
    {"id":89, "name":"arrow-down-right-square-fill"},
    {"id":90, "name":"arrow-down-square"},
    {"id":91, "name":"arrow-down-square-fill"},
    {"id":92, "name":"arrow-down-left"},
    {"id":93, "name":"arrow-down-right"},
    {"id":94, "name":"arrow-down-short"},
    {"id":95, "name":"arrow-down-up"},
    {"id":96, "name":"arrow-left"},
    {"id":97, "name":"arrow-left-circle"},
    {"id":98, "name":"arrow-left-circle-fill"},
    {"id":99, "name":"arrow-left-square"},
    {"id":100, "name":"arrow-left-square-fill"},
    {"id":101, "name":"arrow-left-right"},
    {"id":102, "name":"arrow-left-short"},
    {"id":103, "name":"arrow-repeat"},
    {"id":104, "name":"arrow-return-left"},
    {"id":105, "name":"arrow-return-right"},
    {"id":106, "name":"arrow-right"},
    {"id":107, "name":"arrow-right-circle"},
    {"id":108, "name":"arrow-right-circle-fill"},
    {"id":109, "name":"arrow-right-square"},
    {"id":110, "name":"arrow-right-square-fill"},
    {"id":111, "name":"arrow-right-short"},
    {"id":112, "name":"arrow-through-heart"},
    {"id":113, "name":"arrow-through-heart-fill"},
    {"id":114, "name":"arrow-up"},
    {"id":115, "name":"arrow-up-circle"},
    {"id":116, "name":"arrow-up-circle-fill"},
    {"id":117, "name":"arrow-up-left-circle"},
    {"id":118, "name":"arrow-up-left-circle-fill"},
    {"id":119, "name":"arrow-up-left-square"},
    {"id":120, "name":"arrow-up-left-square-fill"},
    {"id":121, "name":"arrow-up-right-circle"},
    {"id":122, "name":"arrow-up-right-circle-fill"},
    {"id":123, "name":"arrow-up-right-square"},
    {"id":124, "name":"arrow-up-right-square-fill"},
    {"id":125, "name":"arrow-up-square"},
    {"id":126, "name":"arrow-up-square-fill"},
    {"id":127, "name":"arrow-up-left"},
    {"id":128, "name":"arrow-up-right"},
    {"id":129, "name":"arrow-up-short"},
    {"id":130, "name":"arrows"},
    {"id":131, "name":"arrows-angle-contract"},
    {"id":132, "name":"arrows-angle-expand"},
    {"id":133, "name":"arrows-collapse"},
    {"id":134, "name":"arrows-collapse-vertical"},
    {"id":135, "name":"arrows-expand"},
    {"id":136, "name":"arrows-expand-vertical"},
    {"id":137, "name":"arrows-fullscreen"},
    {"id":138, "name":"arrows-move"},
    {"id":139, "name":"arrows-vertical"},
    {"id":140, "name":"aspect-ratio"},
    {"id":141, "name":"aspect-ratio-fill"},
    {"id":142, "name":"asterisk"},
    {"id":143, "name":"at"},
    {"id":144, "name":"award"},
    {"id":145, "name":"award-fill"},
    {"id":146, "name":"back"},
    {"id":147, "name":"backpack"},
    {"id":148, "name":"backpack-fill"},
    {"id":149, "name":"backpack2"},
    {"id":150, "name":"backpack2-fill"},
    {"id":151, "name":"backpack3"},
    {"id":152, "name":"backpack3-fill"},
    {"id":153, "name":"backpack4"},
    {"id":154, "name":"backpack4-fill"},
    {"id":155, "name":"backspace"},
    {"id":156, "name":"backspace-fill"},
    {"id":157, "name":"backspace-reverse"},
    {"id":158, "name":"backspace-reverse-fill"},
    {"id":159, "name":"badge-3d"},
    {"id":160, "name":"badge-3d-fill"},
    {"id":161, "name":"badge-4k"},
    {"id":162, "name":"badge-4k-fill"},
    {"id":163, "name":"badge-8k"},
    {"id":164, "name":"badge-8k-fill"},
    {"id":165, "name":"badge-ad"},
    {"id":166, "name":"badge-ad-fill"},
    {"id":167, "name":"badge-ar"},
    {"id":168, "name":"badge-ar-fill"},
    {"id":169, "name":"badge-cc"},
    {"id":170, "name":"badge-cc-fill"},
    {"id":171, "name":"badge-hd"},
    {"id":172, "name":"badge-hd-fill"},
    {"id":173, "name":"badge-sd"},
    {"id":174, "name":"badge-sd-fill"},
    {"id":175, "name":"badge-tm"},
    {"id":176, "name":"badge-tm-fill"},
    {"id":177, "name":"badge-vo"},
    {"id":178, "name":"badge-vo-fill"},
    {"id":179, "name":"badge-vr"},
    {"id":180, "name":"badge-vr-fill"},
    {"id":181, "name":"badge-wc"},
    {"id":182, "name":"badge-wc-fill"},
    {"id":183, "name":"bag"},
    {"id":184, "name":"bag-check"},
    {"id":185, "name":"bag-check-fill"},
    {"id":186, "name":"bag-dash"},
    {"id":187, "name":"bag-dash-fill"},
    {"id":188, "name":"bag-fill"},
    {"id":189, "name":"bag-heart"},
    {"id":190, "name":"bag-heart-fill"},
    {"id":191, "name":"bag-plus"},
    {"id":192, "name":"bag-plus-fill"},
    {"id":193, "name":"bag-x"},
    {"id":194, "name":"bag-x-fill"},
    {"id":195, "name":"balloon"},
    {"id":196, "name":"balloon-fill"},
    {"id":197, "name":"balloon-heart"},
    {"id":198, "name":"balloon-heart-fill"},
    {"id":199, "name":"ban"},
    {"id":200, "name":"ban-fill"},
    {"id":201, "name":"bandaid"},
    {"id":202, "name":"bandaid-fill"},
    {"id":203, "name":"bank"},
    {"id":204, "name":"bank2"},
    {"id":205, "name":"bar-chart"},
    {"id":206, "name":"bar-chart-fill"},
    {"id":207, "name":"bar-chart-line"},
    {"id":208, "name":"bar-chart-line-fill"},
    {"id":209, "name":"bar-chart-steps"},
    {"id":210, "name":"basket"},
    {"id":211, "name":"basket-fill"},
    {"id":212, "name":"basket2"},
    {"id":213, "name":"basket2-fill"},
    {"id":214, "name":"basket3"},
    {"id":215, "name":"basket3-fill"},
    {"id":216, "name":"battery"},
    {"id":217, "name":"battery-charging"},
    {"id":218, "name":"battery-full"},
    {"id":219, "name":"battery-half"},
    {"id":220, "name":"behance"},
    {"id":221, "name":"bell"},
    {"id":222, "name":"bell-fill"},
    {"id":223, "name":"bell-slash"},
    {"id":224, "name":"bell-slash-fill"},
    {"id":225, "name":"bezier"},
    {"id":226, "name":"bezier2"},
    {"id":227, "name":"bicycle"},
    {"id":228, "name":"bing"},
    {"id":229, "name":"binoculars"},
    {"id":230, "name":"binoculars-fill"},
    {"id":231, "name":"blockquote-left"},
    {"id":232, "name":"blockquote-right"},
    {"id":233, "name":"bluetooth"},
    {"id":234, "name":"body-text"},
    {"id":235, "name":"book"},
    {"id":236, "name":"book-fill"},
    {"id":237, "name":"book-half"},
    {"id":238, "name":"bookmark"},
    {"id":239, "name":"bookmark-check"},
    {"id":240, "name":"bookmark-check-fill"},
    {"id":241, "name":"bookmark-dash"},
    {"id":242, "name":"bookmark-dash-fill"},
    {"id":243, "name":"bookmark-fill"},
    {"id":244, "name":"bookmark-heart"},
    {"id":245, "name":"bookmark-heart-fill"},
    {"id":246, "name":"bookmark-plus"},
    {"id":247, "name":"bookmark-plus-fill"},
    {"id":248, "name":"bookmark-star"},
    {"id":249, "name":"bookmark-star-fill"},
    {"id":250, "name":"bookmark-x"},
    {"id":251, "name":"bookmark-x-fill"},
    {"id":252, "name":"bookmarks"},
    {"id":253, "name":"bookmarks-fill"},
    {"id":254, "name":"bookshelf"},
    {"id":255, "name":"boombox"},
    {"id":256, "name":"boombox-fill"},
    {"id":257, "name":"bootstrap"},
    {"id":258, "name":"bootstrap-fill"},
    {"id":259, "name":"bootstrap-reboot"},
    {"id":260, "name":"border"},
    {"id":261, "name":"border-all"},
    {"id":262, "name":"border-bottom"},
    {"id":263, "name":"border-center"},
    {"id":264, "name":"border-inner"},
    {"id":265, "name":"border-left"},
    {"id":266, "name":"border-middle"},
    {"id":267, "name":"border-outer"},
    {"id":268, "name":"border-right"},
    {"id":269, "name":"border-style"},
    {"id":270, "name":"border-top"},
    {"id":271, "name":"border-width"},
    {"id":272, "name":"bounding-box"},
    {"id":273, "name":"bounding-box-circles"},
    {"id":274, "name":"box"},
    {"id":275, "name":"box-arrow-down-left"},
    {"id":276, "name":"box-arrow-down-right"},
    {"id":277, "name":"box-arrow-down"},
    {"id":278, "name":"box-arrow-in-down"},
    {"id":279, "name":"box-arrow-in-down-left"},
    {"id":280, "name":"box-arrow-in-down-right"},
    {"id":281, "name":"box-arrow-in-left"},
    {"id":282, "name":"box-arrow-in-right"},
    {"id":283, "name":"box-arrow-in-up"},
    {"id":284, "name":"box-arrow-in-up-left"},
    {"id":285, "name":"box-arrow-in-up-right"},
    {"id":286, "name":"box-arrow-left"},
    {"id":287, "name":"box-arrow-right"},
    {"id":288, "name":"box-arrow-up"},
    {"id":289, "name":"box-arrow-up-left"},
    {"id":290, "name":"box-arrow-up-right"},
    {"id":291, "name":"box-fill"},
    {"id":292, "name":"box-seam"},
    {"id":293, "name":"box-seam-fill"},
    {"id":294, "name":"box2"},
    {"id":295, "name":"box2-fill"},
    {"id":296, "name":"box2-heart"},
    {"id":297, "name":"box2-heart-fill"},
    {"id":298, "name":"boxes"},
    {"id":299, "name":"braces"},
    {"id":300, "name":"braces-asterisk"},
    {"id":301, "name":"bricks"},
    {"id":302, "name":"briefcase"},
    {"id":303, "name":"briefcase-fill"},
    {"id":304, "name":"brightness-alt-high"},
    {"id":305, "name":"brightness-alt-high-fill"},
    {"id":306, "name":"brightness-alt-low"},
    {"id":307, "name":"brightness-alt-low-fill"},
    {"id":308, "name":"brightness-high"},
    {"id":309, "name":"brightness-high-fill"},
    {"id":310, "name":"brightness-low"},
    {"id":311, "name":"brightness-low-fill"},
    {"id":312, "name":"brilliance"},
    {"id":313, "name":"broadcast"},
    {"id":314, "name":"broadcast-pin"},
    {"id":315, "name":"browser-chrome"},
    {"id":316, "name":"browser-edge"},
    {"id":317, "name":"browser-firefox"},
    {"id":318, "name":"browser-safari"},
    {"id":319, "name":"brush"},
    {"id":320, "name":"brush-fill"},
    {"id":321, "name":"bucket"},
    {"id":322, "name":"bucket-fill"},
    {"id":323, "name":"bug"},
    {"id":324, "name":"bug-fill"},
    {"id":325, "name":"building"},
    {"id":326, "name":"building-add"},
    {"id":327, "name":"building-check"},
    {"id":328, "name":"building-dash"},
    {"id":329, "name":"building-down"},
    {"id":330, "name":"building-exclamation"},
    {"id":331, "name":"building-fill"},
    {"id":332, "name":"building-fill-add"},
    {"id":333, "name":"building-fill-check"},
    {"id":334, "name":"building-fill-dash"},
    {"id":335, "name":"building-fill-down"},
    {"id":336, "name":"building-fill-exclamation"},
    {"id":337, "name":"building-fill-gear"},
    {"id":338, "name":"building-fill-lock"},
    {"id":339, "name":"building-fill-slash"},
    {"id":340, "name":"building-fill-up"},
    {"id":341, "name":"building-fill-x"},
    {"id":342, "name":"building-gear"},
    {"id":343, "name":"building-lock"},
    {"id":344, "name":"building-slash"},
    {"id":345, "name":"building-up"},
    {"id":346, "name":"building-x"},
    {"id":347, "name":"buildings"},
    {"id":348, "name":"buildings-fill"},
    {"id":349, "name":"bullseye"},
    {"id":350, "name":"bus-front"},
    {"id":351, "name":"bus-front-fill"},
    {"id":352, "name":"c-circle"},
    {"id":353, "name":"c-circle-fill"},
    {"id":354, "name":"c-square"},
    {"id":355, "name":"c-square-fill"},
    {"id":356, "name":"cake"},
    {"id":357, "name":"cake-fill"},
    {"id":358, "name":"cake2"},
    {"id":359, "name":"cake2-fill"},
    {"id":360, "name":"calculator"},
    {"id":361, "name":"calculator-fill"},
    {"id":362, "name":"calendar"},
    {"id":363, "name":"calendar-check"},
    {"id":364, "name":"calendar-check-fill"},
    {"id":365, "name":"calendar-date"},
    {"id":366, "name":"calendar-date-fill"},
    {"id":367, "name":"calendar-day"},
    {"id":368, "name":"calendar-day-fill"},
    {"id":369, "name":"calendar-event"},
    {"id":370, "name":"calendar-event-fill"},
    {"id":371, "name":"calendar-fill"},
    {"id":372, "name":"calendar-heart"},
    {"id":373, "name":"calendar-heart-fill"},
    {"id":374, "name":"calendar-minus"},
    {"id":375, "name":"calendar-minus-fill"},
    {"id":376, "name":"calendar-month"},
    {"id":377, "name":"calendar-month-fill"},
    {"id":378, "name":"calendar-plus"},
    {"id":379, "name":"calendar-plus-fill"},
    {"id":380, "name":"calendar-range"},
    {"id":381, "name":"calendar-range-fill"},
    {"id":382, "name":"calendar-week"},
    {"id":383, "name":"calendar-week-fill"},
    {"id":384, "name":"calendar-x"},
    {"id":385, "name":"calendar-x-fill"},
    {"id":386, "name":"calendar2"},
    {"id":387, "name":"calendar2-check"},
    {"id":388, "name":"calendar2-check-fill"},
    {"id":389, "name":"calendar2-date"},
    {"id":390, "name":"calendar2-date-fill"},
    {"id":391, "name":"calendar2-day"},
    {"id":392, "name":"calendar2-day-fill"},
    {"id":393, "name":"calendar2-event"},
    {"id":394, "name":"calendar2-event-fill"},
    {"id":395, "name":"calendar2-fill"},
    {"id":396, "name":"calendar2-heart"},
    {"id":397, "name":"calendar2-heart-fill"},
    {"id":398, "name":"calendar2-minus"},
    {"id":399, "name":"calendar2-minus-fill"},
    {"id":400, "name":"calendar2-month"},
    {"id":401, "name":"calendar2-month-fill"},
    {"id":402, "name":"calendar2-plus"},
    {"id":403, "name":"calendar2-plus-fill"},
    {"id":404, "name":"calendar2-range"},
    {"id":405, "name":"calendar2-range-fill"},
    {"id":406, "name":"calendar2-week"},
    {"id":407, "name":"calendar2-week-fill"},
    {"id":408, "name":"calendar2-x"},
    {"id":409, "name":"calendar2-x-fill"},
    {"id":410, "name":"calendar3"},
    {"id":411, "name":"calendar3-event"},
    {"id":412, "name":"calendar3-event-fill"},
    {"id":413, "name":"calendar3-fill"},
    {"id":414, "name":"calendar3-range"},
    {"id":415, "name":"calendar3-range-fill"},
    {"id":416, "name":"calendar3-week"},
    {"id":417, "name":"calendar3-week-fill"},
    {"id":418, "name":"calendar4"},
    {"id":419, "name":"calendar4-event"},
    {"id":420, "name":"calendar4-range"},
    {"id":421, "name":"calendar4-week"},
    {"id":422, "name":"camera"},
    {"id":423, "name":"camera2"},
    {"id":424, "name":"camera-fill"},
    {"id":425, "name":"camera-reels"},
    {"id":426, "name":"camera-reels-fill"},
    {"id":427, "name":"camera-video"},
    {"id":428, "name":"camera-video-fill"},
    {"id":429, "name":"camera-video-off"},
    {"id":430, "name":"camera-video-off-fill"},
    {"id":431, "name":"capslock"},
    {"id":432, "name":"capslock-fill"},
    {"id":433, "name":"capsule"},
    {"id":434, "name":"capsule-pill"},
    {"id":435, "name":"car-front"},
    {"id":436, "name":"car-front-fill"},
    {"id":437, "name":"card-checklist"},
    {"id":438, "name":"card-heading"},
    {"id":439, "name":"card-image"},
    {"id":440, "name":"card-list"},
    {"id":441, "name":"card-text"},
    {"id":442, "name":"caret-down"},
    {"id":443, "name":"caret-down-fill"},
    {"id":444, "name":"caret-down-square"},
    {"id":445, "name":"caret-down-square-fill"},
    {"id":446, "name":"caret-left"},
    {"id":447, "name":"caret-left-fill"},
    {"id":448, "name":"caret-left-square"},
    {"id":449, "name":"caret-left-square-fill"},
    {"id":450, "name":"caret-right"},
    {"id":451, "name":"caret-right-fill"},
    {"id":452, "name":"caret-right-square"},
    {"id":453, "name":"caret-right-square-fill"},
    {"id":454, "name":"caret-up"},
    {"id":455, "name":"caret-up-fill"},
    {"id":456, "name":"caret-up-square"},
    {"id":457, "name":"caret-up-square-fill"},
    {"id":458, "name":"cart"},
    {"id":459, "name":"cart-check"},
    {"id":460, "name":"cart-check-fill"},
    {"id":461, "name":"cart-dash"},
    {"id":462, "name":"cart-dash-fill"},
    {"id":463, "name":"cart-fill"},
    {"id":464, "name":"cart-plus"},
    {"id":465, "name":"cart-plus-fill"},
    {"id":466, "name":"cart-x"},
    {"id":467, "name":"cart-x-fill"},
    {"id":468, "name":"cart2"},
    {"id":469, "name":"cart3"},
    {"id":470, "name":"cart4"},
    {"id":471, "name":"cash"},
    {"id":472, "name":"cash-coin"},
    {"id":473, "name":"cash-stack"},
    {"id":474, "name":"cassette"},
    {"id":475, "name":"cassette-fill"},
    {"id":476, "name":"cast"},
    {"id":477, "name":"cc-circle"},
    {"id":478, "name":"cc-circle-fill"},
    {"id":479, "name":"cc-square"},
    {"id":480, "name":"cc-square-fill"},
    {"id":481, "name":"chat"},
    {"id":482, "name":"chat-dots"},
    {"id":483, "name":"chat-dots-fill"},
    {"id":484, "name":"chat-fill"},
    {"id":485, "name":"chat-heart"},
    {"id":486, "name":"chat-heart-fill"},
    {"id":487, "name":"chat-left"},
    {"id":488, "name":"chat-left-dots"},
    {"id":489, "name":"chat-left-dots-fill"},
    {"id":490, "name":"chat-left-fill"},
    {"id":491, "name":"chat-left-heart"},
    {"id":492, "name":"chat-left-heart-fill"},
    {"id":493, "name":"chat-left-quote"},
    {"id":494, "name":"chat-left-quote-fill"},
    {"id":495, "name":"chat-left-text"},
    {"id":496, "name":"chat-left-text-fill"},
    {"id":497, "name":"chat-quote"},
    {"id":498, "name":"chat-quote-fill"},
    {"id":499, "name":"chat-right"},
    {"id":500, "name":"chat-right-dots"},
    {"id":501, "name":"chat-right-dots-fill"},
    {"id":502, "name":"chat-right-fill"},
    {"id":503, "name":"chat-right-heart"},
    {"id":504, "name":"chat-right-heart-fill"},
    {"id":505, "name":"chat-right-quote"},
    {"id":506, "name":"chat-right-quote-fill"},
    {"id":507, "name":"chat-right-text"},
    {"id":508, "name":"chat-right-text-fill"},
    {"id":509, "name":"chat-square"},
    {"id":510, "name":"chat-square-dots"},
    {"id":511, "name":"chat-square-dots-fill"},
    {"id":512, "name":"chat-square-fill"},
    {"id":513, "name":"chat-square-heart"},
    {"id":514, "name":"chat-square-heart-fill"},
    {"id":515, "name":"chat-square-quote"},
    {"id":516, "name":"chat-square-quote-fill"},
    {"id":517, "name":"chat-square-text"},
    {"id":518, "name":"chat-square-text-fill"},
    {"id":519, "name":"chat-text"},
    {"id":520, "name":"chat-text-fill"},
    {"id":521, "name":"check"},
    {"id":522, "name":"check-all"},
    {"id":523, "name":"check-circle"},
    {"id":524, "name":"check-circle-fill"},
    {"id":525, "name":"check-lg"},
    {"id":526, "name":"check-square"},
    {"id":527, "name":"check-square-fill"},
    {"id":528, "name":"check2"},
    {"id":529, "name":"check2-all"},
    {"id":530, "name":"check2-circle"},
    {"id":531, "name":"check2-square"},
    {"id":532, "name":"chevron-bar-contract"},
    {"id":533, "name":"chevron-bar-down"},
    {"id":534, "name":"chevron-bar-expand"},
    {"id":535, "name":"chevron-bar-left"},
    {"id":536, "name":"chevron-bar-right"},
    {"id":537, "name":"chevron-bar-up"},
    {"id":538, "name":"chevron-compact-down"},
    {"id":539, "name":"chevron-compact-left"},
    {"id":540, "name":"chevron-compact-right"},
    {"id":541, "name":"chevron-compact-up"},
    {"id":542, "name":"chevron-contract"},
    {"id":543, "name":"chevron-double-down"},
    {"id":544, "name":"chevron-double-left"},
    {"id":545, "name":"chevron-double-right"},
    {"id":546, "name":"chevron-double-up"},
    {"id":547, "name":"chevron-down"},
    {"id":548, "name":"chevron-expand"},
    {"id":549, "name":"chevron-left"},
    {"id":550, "name":"chevron-right"},
    {"id":551, "name":"chevron-up"},
    {"id":552, "name":"circle"},
    {"id":553, "name":"circle-fill"},
    {"id":554, "name":"circle-half"},
    {"id":555, "name":"slash-circle"},
    {"id":556, "name":"circle-square"},
    {"id":557, "name":"clipboard"},
    {"id":558, "name":"clipboard-check"},
    {"id":559, "name":"clipboard-check-fill"},
    {"id":560, "name":"clipboard-data"},
    {"id":561, "name":"clipboard-data-fill"},
    {"id":562, "name":"clipboard-fill"},
    {"id":563, "name":"clipboard-heart"},
    {"id":564, "name":"clipboard-heart-fill"},
    {"id":565, "name":"clipboard-minus"},
    {"id":566, "name":"clipboard-minus-fill"},
    {"id":567, "name":"clipboard-plus"},
    {"id":568, "name":"clipboard-plus-fill"},
    {"id":569, "name":"clipboard-pulse"},
    {"id":570, "name":"clipboard-x"},
    {"id":571, "name":"clipboard-x-fill"},
    {"id":572, "name":"clipboard2"},
    {"id":573, "name":"clipboard2-check"},
    {"id":574, "name":"clipboard2-check-fill"},
    {"id":575, "name":"clipboard2-data"},
    {"id":576, "name":"clipboard2-data-fill"},
    {"id":577, "name":"clipboard2-fill"},
    {"id":578, "name":"clipboard2-heart"},
    {"id":579, "name":"clipboard2-heart-fill"},
    {"id":580, "name":"clipboard2-minus"},
    {"id":581, "name":"clipboard2-minus-fill"},
    {"id":582, "name":"clipboard2-plus"},
    {"id":583, "name":"clipboard2-plus-fill"},
    {"id":584, "name":"clipboard2-pulse"},
    {"id":585, "name":"clipboard2-pulse-fill"},
    {"id":586, "name":"clipboard2-x"},
    {"id":587, "name":"clipboard2-x-fill"},
    {"id":588, "name":"clock"},
    {"id":589, "name":"clock-fill"},
    {"id":590, "name":"clock-history"},
    {"id":591, "name":"cloud"},
    {"id":592, "name":"cloud-arrow-down"},
    {"id":593, "name":"cloud-arrow-down-fill"},
    {"id":594, "name":"cloud-arrow-up"},
    {"id":595, "name":"cloud-arrow-up-fill"},
    {"id":596, "name":"cloud-check"},
    {"id":597, "name":"cloud-check-fill"},
    {"id":598, "name":"cloud-download"},
    {"id":599, "name":"cloud-download-fill"},
    {"id":600, "name":"cloud-drizzle"},
    {"id":601, "name":"cloud-drizzle-fill"},
    {"id":602, "name":"cloud-fill"},
    {"id":603, "name":"cloud-fog"},
    {"id":604, "name":"cloud-fog-fill"},
    {"id":605, "name":"cloud-fog2"},
    {"id":606, "name":"cloud-fog2-fill"},
    {"id":607, "name":"cloud-hail"},
    {"id":608, "name":"cloud-hail-fill"},
    {"id":609, "name":"cloud-haze"},
    {"id":610, "name":"cloud-haze-fill"},
    {"id":611, "name":"cloud-haze2"},
    {"id":612, "name":"cloud-haze2-fill"},
    {"id":613, "name":"cloud-lightning"},
    {"id":614, "name":"cloud-lightning-fill"},
    {"id":615, "name":"cloud-lightning-rain"},
    {"id":616, "name":"cloud-lightning-rain-fill"},
    {"id":617, "name":"cloud-minus"},
    {"id":618, "name":"cloud-minus-fill"},
    {"id":619, "name":"cloud-moon"},
    {"id":620, "name":"cloud-moon-fill"},
    {"id":621, "name":"cloud-plus"},
    {"id":622, "name":"cloud-plus-fill"},
    {"id":623, "name":"cloud-rain"},
    {"id":624, "name":"cloud-rain-fill"},
    {"id":625, "name":"cloud-rain-heavy"},
    {"id":626, "name":"cloud-rain-heavy-fill"},
    {"id":627, "name":"cloud-slash"},
    {"id":628, "name":"cloud-slash-fill"},
    {"id":629, "name":"cloud-sleet"},
    {"id":630, "name":"cloud-sleet-fill"},
    {"id":631, "name":"cloud-snow"},
    {"id":632, "name":"cloud-snow-fill"},
    {"id":633, "name":"cloud-sun"},
    {"id":634, "name":"cloud-sun-fill"},
    {"id":635, "name":"cloud-upload"},
    {"id":636, "name":"cloud-upload-fill"},
    {"id":637, "name":"clouds"},
    {"id":638, "name":"clouds-fill"},
    {"id":639, "name":"cloudy"},
    {"id":640, "name":"cloudy-fill"},
    {"id":641, "name":"code"},
    {"id":642, "name":"code-slash"},
    {"id":643, "name":"code-square"},
    {"id":644, "name":"coin"},
    {"id":645, "name":"collection"},
    {"id":646, "name":"collection-fill"},
    {"id":647, "name":"collection-play"},
    {"id":648, "name":"collection-play-fill"},
    {"id":649, "name":"columns"},
    {"id":650, "name":"columns-gap"},
    {"id":651, "name":"command"},
    {"id":652, "name":"compass"},
    {"id":653, "name":"compass-fill"},
    {"id":654, "name":"cone"},
    {"id":655, "name":"cone-striped"},
    {"id":656, "name":"controller"},
    {"id":657, "name":"cookie"},
    {"id":658, "name":"copy"},
    {"id":659, "name":"cpu"},
    {"id":660, "name":"cpu-fill"},
    {"id":661, "name":"credit-card"},
    {"id":662, "name":"credit-card-2-back"},
    {"id":663, "name":"credit-card-2-back-fill"},
    {"id":664, "name":"credit-card-2-front"},
    {"id":665, "name":"credit-card-2-front-fill"},
    {"id":666, "name":"credit-card-fill"},
    {"id":667, "name":"crop"},
    {"id":668, "name":"crosshair"},
    {"id":669, "name":"crosshair2"},
    {"id":670, "name":"cup"},
    {"id":671, "name":"cup-fill"},
    {"id":672, "name":"cup-hot"},
    {"id":673, "name":"cup-hot-fill"},
    {"id":674, "name":"cup-straw"},
    {"id":675, "name":"currency-bitcoin"},
    {"id":676, "name":"currency-dollar"},
    {"id":677, "name":"currency-euro"},
    {"id":678, "name":"currency-exchange"},
    {"id":679, "name":"currency-pound"},
    {"id":680, "name":"currency-rupee"},
    {"id":681, "name":"currency-yen"},
    {"id":682, "name":"cursor"},
    {"id":683, "name":"cursor-fill"},
    {"id":684, "name":"cursor-text"},
    {"id":685, "name":"dash"},
    {"id":686, "name":"dash-circle"},
    {"id":687, "name":"dash-circle-dotted"},
    {"id":688, "name":"dash-circle-fill"},
    {"id":689, "name":"dash-lg"},
    {"id":690, "name":"dash-square"},
    {"id":691, "name":"dash-square-dotted"},
    {"id":692, "name":"dash-square-fill"},
    {"id":693, "name":"database"},
    {"id":694, "name":"database-add"},
    {"id":695, "name":"database-check"},
    {"id":696, "name":"database-dash"},
    {"id":697, "name":"database-down"},
    {"id":698, "name":"database-exclamation"},
    {"id":699, "name":"database-fill"},
    {"id":700, "name":"database-fill-add"},
    {"id":701, "name":"database-fill-check"},
    {"id":702, "name":"database-fill-dash"},
    {"id":703, "name":"database-fill-down"},
    {"id":704, "name":"database-fill-exclamation"},
    {"id":705, "name":"database-fill-gear"},
    {"id":706, "name":"database-fill-lock"},
    {"id":707, "name":"database-fill-slash"},
    {"id":708, "name":"database-fill-up"},
    {"id":709, "name":"database-fill-x"},
    {"id":710, "name":"database-gear"},
    {"id":711, "name":"database-lock"},
    {"id":712, "name":"database-slash"},
    {"id":713, "name":"database-up"},
    {"id":714, "name":"database-x"},
    {"id":715, "name":"device-hdd"},
    {"id":716, "name":"device-hdd-fill"},
    {"id":717, "name":"device-ssd"},
    {"id":718, "name":"device-ssd-fill"},
    {"id":719, "name":"diagram-2"},
    {"id":720, "name":"diagram-2-fill"},
    {"id":721, "name":"diagram-3"},
    {"id":722, "name":"diagram-3-fill"},
    {"id":723, "name":"diamond"},
    {"id":724, "name":"diamond-fill"},
    {"id":725, "name":"diamond-half"},
    {"id":726, "name":"dice-1"},
    {"id":727, "name":"dice-1-fill"},
    {"id":728, "name":"dice-2"},
    {"id":729, "name":"dice-2-fill"},
    {"id":730, "name":"dice-3"},
    {"id":731, "name":"dice-3-fill"},
    {"id":732, "name":"dice-4"},
    {"id":733, "name":"dice-4-fill"},
    {"id":734, "name":"dice-5"},
    {"id":735, "name":"dice-5-fill"},
    {"id":736, "name":"dice-6"},
    {"id":737, "name":"dice-6-fill"},
    {"id":738, "name":"disc"},
    {"id":739, "name":"disc-fill"},
    {"id":740, "name":"discord"},
    {"id":741, "name":"display"},
    {"id":742, "name":"display-fill"},
    {"id":743, "name":"displayport"},
    {"id":744, "name":"displayport-fill"},
    {"id":745, "name":"distribute-horizontal"},
    {"id":746, "name":"distribute-vertical"},
    {"id":747, "name":"door-closed"},
    {"id":748, "name":"door-closed-fill"},
    {"id":749, "name":"door-open"},
    {"id":750, "name":"door-open-fill"},
    {"id":751, "name":"dot"},
    {"id":752, "name":"download"},
    {"id":753, "name":"dpad"},
    {"id":754, "name":"dpad-fill"},
    {"id":755, "name":"dribbble"},
    {"id":756, "name":"dropbox"},
    {"id":757, "name":"droplet"},
    {"id":758, "name":"droplet-fill"},
    {"id":759, "name":"droplet-half"},
    {"id":760, "name":"duffle"},
    {"id":761, "name":"duffle-fill"},
    {"id":762, "name":"ear"},
    {"id":763, "name":"ear-fill"},
    {"id":764, "name":"earbuds"},
    {"id":765, "name":"easel"},
    {"id":766, "name":"easel-fill"},
    {"id":767, "name":"easel2"},
    {"id":768, "name":"easel2-fill"},
    {"id":769, "name":"easel3"},
    {"id":770, "name":"easel3-fill"},
    {"id":771, "name":"egg"},
    {"id":772, "name":"egg-fill"},
    {"id":773, "name":"egg-fried"},
    {"id":774, "name":"eject"},
    {"id":775, "name":"eject-fill"},
    {"id":776, "name":"emoji-angry"},
    {"id":777, "name":"emoji-angry-fill"},
    {"id":778, "name":"emoji-astonished"},
    {"id":779, "name":"emoji-astonished-fill"},
    {"id":780, "name":"emoji-dizzy"},
    {"id":781, "name":"emoji-dizzy-fill"},
    {"id":782, "name":"emoji-expressionless"},
    {"id":783, "name":"emoji-expressionless-fill"},
    {"id":784, "name":"emoji-frown"},
    {"id":785, "name":"emoji-frown-fill"},
    {"id":786, "name":"emoji-grimace"},
    {"id":787, "name":"emoji-grimace-fill"},
    {"id":788, "name":"emoji-grin"},
    {"id":789, "name":"emoji-grin-fill"},
    {"id":790, "name":"emoji-heart-eyes"},
    {"id":791, "name":"emoji-heart-eyes-fill"},
    {"id":792, "name":"emoji-kiss"},
    {"id":793, "name":"emoji-kiss-fill"},
    {"id":794, "name":"emoji-laughing"},
    {"id":795, "name":"emoji-laughing-fill"},
    {"id":796, "name":"emoji-neutral"},
    {"id":797, "name":"emoji-neutral-fill"},
    {"id":798, "name":"emoji-smile"},
    {"id":799, "name":"emoji-smile-fill"},
    {"id":800, "name":"emoji-smile-upside-down"},
    {"id":801, "name":"emoji-smile-upside-down-fill"},
    {"id":802, "name":"emoji-sunglasses"},
    {"id":803, "name":"emoji-sunglasses-fill"},
    {"id":804, "name":"emoji-surprise"},
    {"id":805, "name":"emoji-surprise-fill"},
    {"id":806, "name":"emoji-tear"},
    {"id":807, "name":"emoji-tear-fill"},
    {"id":808, "name":"emoji-wink"},
    {"id":809, "name":"emoji-wink-fill"},
    {"id":810, "name":"envelope"},
    {"id":811, "name":"envelope-arrow-down"},
    {"id":812, "name":"envelope-arrow-down-fill"},
    {"id":813, "name":"envelope-arrow-up"},
    {"id":814, "name":"envelope-arrow-up-fill"},
    {"id":815, "name":"envelope-at"},
    {"id":816, "name":"envelope-at-fill"},
    {"id":817, "name":"envelope-check"},
    {"id":818, "name":"envelope-check-fill"},
    {"id":819, "name":"envelope-dash"},
    {"id":820, "name":"envelope-dash-fill"},
    {"id":821, "name":"envelope-exclamation"},
    {"id":822, "name":"envelope-exclamation-fill"},
    {"id":823, "name":"envelope-fill"},
    {"id":824, "name":"envelope-heart"},
    {"id":825, "name":"envelope-heart-fill"},
    {"id":826, "name":"envelope-open"},
    {"id":827, "name":"envelope-open-fill"},
    {"id":828, "name":"envelope-open-heart"},
    {"id":829, "name":"envelope-open-heart-fill"},
    {"id":830, "name":"envelope-paper"},
    {"id":831, "name":"envelope-paper-fill"},
    {"id":832, "name":"envelope-paper-heart"},
    {"id":833, "name":"envelope-paper-heart-fill"},
    {"id":834, "name":"envelope-plus"},
    {"id":835, "name":"envelope-plus-fill"},
    {"id":836, "name":"envelope-slash"},
    {"id":837, "name":"envelope-slash-fill"},
    {"id":838, "name":"envelope-x"},
    {"id":839, "name":"envelope-x-fill"},
    {"id":840, "name":"eraser"},
    {"id":841, "name":"eraser-fill"},
    {"id":842, "name":"escape"},
    {"id":843, "name":"ethernet"},
    {"id":844, "name":"ev-front"},
    {"id":845, "name":"ev-front-fill"},
    {"id":846, "name":"ev-station"},
    {"id":847, "name":"ev-station-fill"},
    {"id":848, "name":"exclamation"},
    {"id":849, "name":"exclamation-circle"},
    {"id":850, "name":"exclamation-circle-fill"},
    {"id":851, "name":"exclamation-diamond"},
    {"id":852, "name":"exclamation-diamond-fill"},
    {"id":853, "name":"exclamation-lg"},
    {"id":854, "name":"exclamation-octagon"},
    {"id":855, "name":"exclamation-octagon-fill"},
    {"id":856, "name":"exclamation-square"},
    {"id":857, "name":"exclamation-square-fill"},
    {"id":858, "name":"exclamation-triangle"},
    {"id":859, "name":"exclamation-triangle-fill"},
    {"id":860, "name":"exclude"},
    {"id":861, "name":"explicit"},
    {"id":862, "name":"explicit-fill"},
    {"id":863, "name":"exposure"},
    {"id":864, "name":"eye"},
    {"id":865, "name":"eye-fill"},
    {"id":866, "name":"eye-slash"},
    {"id":867, "name":"eye-slash-fill"},
    {"id":868, "name":"eyedropper"},
    {"id":869, "name":"eyeglasses"},
    {"id":870, "name":"facebook"},
    {"id":871, "name":"fan"},
    {"id":872, "name":"fast-forward"},
    {"id":873, "name":"fast-forward-btn"},
    {"id":874, "name":"fast-forward-btn-fill"},
    {"id":875, "name":"fast-forward-circle"},
    {"id":876, "name":"fast-forward-circle-fill"},
    {"id":877, "name":"fast-forward-fill"},
    {"id":878, "name":"feather"},
    {"id":879, "name":"feather2"},
    {"id":880, "name":"file"},
    {"id":881, "name":"file-arrow-down"},
    {"id":882, "name":"file-arrow-down-fill"},
    {"id":883, "name":"file-arrow-up"},
    {"id":884, "name":"file-arrow-up-fill"},
    {"id":885, "name":"file-bar-graph"},
    {"id":886, "name":"file-bar-graph-fill"},
    {"id":887, "name":"file-binary"},
    {"id":888, "name":"file-binary-fill"},
    {"id":889, "name":"file-break"},
    {"id":890, "name":"file-break-fill"},
    {"id":891, "name":"file-check"},
    {"id":892, "name":"file-check-fill"},
    {"id":893, "name":"file-code"},
    {"id":894, "name":"file-code-fill"},
    {"id":895, "name":"file-diff"},
    {"id":896, "name":"file-diff-fill"},
    {"id":897, "name":"file-earmark"},
    {"id":898, "name":"file-earmark-arrow-down"},
    {"id":899, "name":"file-earmark-arrow-down-fill"},
    {"id":900, "name":"file-earmark-arrow-up"},
    {"id":901, "name":"file-earmark-arrow-up-fill"},
    {"id":902, "name":"file-earmark-bar-graph"},
    {"id":903, "name":"file-earmark-bar-graph-fill"},
    {"id":904, "name":"file-earmark-binary"},
    {"id":905, "name":"file-earmark-binary-fill"},
    {"id":906, "name":"file-earmark-break"},
    {"id":907, "name":"file-earmark-break-fill"},
    {"id":908, "name":"file-earmark-check"},
    {"id":909, "name":"file-earmark-check-fill"},
    {"id":910, "name":"file-earmark-code"},
    {"id":911, "name":"file-earmark-code-fill"},
    {"id":912, "name":"file-earmark-diff"},
    {"id":913, "name":"file-earmark-diff-fill"},
    {"id":914, "name":"file-earmark-easel"},
    {"id":915, "name":"file-earmark-easel-fill"},
    {"id":916, "name":"file-earmark-excel"},
    {"id":917, "name":"file-earmark-excel-fill"},
    {"id":918, "name":"file-earmark-fill"},
    {"id":919, "name":"file-earmark-font"},
    {"id":920, "name":"file-earmark-font-fill"},
    {"id":921, "name":"file-earmark-image"},
    {"id":922, "name":"file-earmark-image-fill"},
    {"id":923, "name":"file-earmark-lock"},
    {"id":924, "name":"file-earmark-lock-fill"},
    {"id":925, "name":"file-earmark-lock2"},
    {"id":926, "name":"file-earmark-lock2-fill"},
    {"id":927, "name":"file-earmark-medical"},
    {"id":928, "name":"file-earmark-medical-fill"},
    {"id":929, "name":"file-earmark-minus"},
    {"id":930, "name":"file-earmark-minus-fill"},
    {"id":931, "name":"file-earmark-music"},
    {"id":932, "name":"file-earmark-music-fill"},
    {"id":933, "name":"file-earmark-pdf"},
    {"id":934, "name":"file-earmark-pdf-fill"},
    {"id":935, "name":"file-earmark-person"},
    {"id":936, "name":"file-earmark-person-fill"},
    {"id":937, "name":"file-earmark-play"},
    {"id":938, "name":"file-earmark-play-fill"},
    {"id":939, "name":"file-earmark-plus"},
    {"id":940, "name":"file-earmark-plus-fill"},
    {"id":941, "name":"file-earmark-post"},
    {"id":942, "name":"file-earmark-post-fill"},
    {"id":943, "name":"file-earmark-ppt"},
    {"id":944, "name":"file-earmark-ppt-fill"},
    {"id":945, "name":"file-earmark-richtext"},
    {"id":946, "name":"file-earmark-richtext-fill"},
    {"id":947, "name":"file-earmark-ruled"},
    {"id":948, "name":"file-earmark-ruled-fill"},
    {"id":949, "name":"file-earmark-slides"},
    {"id":950, "name":"file-earmark-slides-fill"},
    {"id":951, "name":"file-earmark-spreadsheet"},
    {"id":952, "name":"file-earmark-spreadsheet-fill"},
    {"id":953, "name":"file-earmark-text"},
    {"id":954, "name":"file-earmark-text-fill"},
    {"id":955, "name":"file-earmark-word"},
    {"id":956, "name":"file-earmark-word-fill"},
    {"id":957, "name":"file-earmark-x"},
    {"id":958, "name":"file-earmark-x-fill"},
    {"id":959, "name":"file-earmark-zip"},
    {"id":960, "name":"file-earmark-zip-fill"},
    {"id":961, "name":"file-easel"},
    {"id":962, "name":"file-easel-fill"},
    {"id":963, "name":"file-excel"},
    {"id":964, "name":"file-excel-fill"},
    {"id":965, "name":"file-fill"},
    {"id":966, "name":"file-font"},
    {"id":967, "name":"file-font-fill"},
    {"id":968, "name":"file-image"},
    {"id":969, "name":"file-image-fill"},
    {"id":970, "name":"file-lock"},
    {"id":971, "name":"file-lock-fill"},
    {"id":972, "name":"file-lock2"},
    {"id":973, "name":"file-lock2-fill"},
    {"id":974, "name":"file-medical"},
    {"id":975, "name":"file-medical-fill"},
    {"id":976, "name":"file-minus"},
    {"id":977, "name":"file-minus-fill"},
    {"id":978, "name":"file-music"},
    {"id":979, "name":"file-music-fill"},
    {"id":980, "name":"file-pdf"},
    {"id":981, "name":"file-pdf-fill"},
    {"id":982, "name":"file-person"},
    {"id":983, "name":"file-person-fill"},
    {"id":984, "name":"file-play"},
    {"id":985, "name":"file-play-fill"},
    {"id":986, "name":"file-plus"},
    {"id":987, "name":"file-plus-fill"},
    {"id":988, "name":"file-post"},
    {"id":989, "name":"file-post-fill"},
    {"id":990, "name":"file-ppt"},
    {"id":991, "name":"file-ppt-fill"},
    {"id":992, "name":"file-richtext"},
    {"id":993, "name":"file-richtext-fill"},
    {"id":994, "name":"file-ruled"},
    {"id":995, "name":"file-ruled-fill"},
    {"id":996, "name":"file-slides"},
    {"id":997, "name":"file-slides-fill"},
    {"id":998, "name":"file-spreadsheet"},
    {"id":999, "name":"file-spreadsheet-fill"},
    {"id":1000, "name":"file-text"},
    {"id":1001, "name":"file-text-fill"},
    {"id":1002, "name":"file-word"},
    {"id":1003, "name":"file-word-fill"},
    {"id":1004, "name":"file-x"},
    {"id":1005, "name":"file-x-fill"},
    {"id":1006, "name":"file-zip"},
    {"id":1007, "name":"file-zip-fill"},
    {"id":1008, "name":"files"},
    {"id":1009, "name":"files-alt"},
    {"id":1010, "name":"filetype-aac"},
    {"id":1011, "name":"filetype-ai"},
    {"id":1012, "name":"filetype-bmp"},
    {"id":1013, "name":"filetype-cs"},
    {"id":1014, "name":"filetype-css"},
    {"id":1015, "name":"filetype-csv"},
    {"id":1016, "name":"filetype-doc"},
    {"id":1017, "name":"filetype-docx"},
    {"id":1018, "name":"filetype-exe"},
    {"id":1019, "name":"filetype-gif"},
    {"id":1020, "name":"filetype-heic"},
    {"id":1021, "name":"filetype-html"},
    {"id":1022, "name":"filetype-java"},
    {"id":1023, "name":"filetype-jpg"},
    {"id":1024, "name":"filetype-js"},
    {"id":1025, "name":"filetype-json"},
    {"id":1026, "name":"filetype-jsx"},
    {"id":1027, "name":"filetype-key"},
    {"id":1028, "name":"filetype-m4p"},
    {"id":1029, "name":"filetype-md"},
    {"id":1030, "name":"filetype-mdx"},
    {"id":1031, "name":"filetype-mov"},
    {"id":1032, "name":"filetype-mp3"},
    {"id":1033, "name":"filetype-mp4"},
    {"id":1034, "name":"filetype-otf"},
    {"id":1035, "name":"filetype-pdf"},
    {"id":1036, "name":"filetype-php"},
    {"id":1037, "name":"filetype-png"},
    {"id":1038, "name":"filetype-ppt"},
    {"id":1039, "name":"filetype-pptx"},
    {"id":1040, "name":"filetype-psd"},
    {"id":1041, "name":"filetype-py"},
    {"id":1042, "name":"filetype-raw"},
    {"id":1043, "name":"filetype-rb"},
    {"id":1044, "name":"filetype-sass"},
    {"id":1045, "name":"filetype-scss"},
    {"id":1046, "name":"filetype-sh"},
    {"id":1047, "name":"filetype-sql"},
    {"id":1048, "name":"filetype-svg"},
    {"id":1049, "name":"filetype-tiff"},
    {"id":1050, "name":"filetype-tsx"},
    {"id":1051, "name":"filetype-ttf"},
    {"id":1052, "name":"filetype-txt"},
    {"id":1053, "name":"filetype-wav"},
    {"id":1054, "name":"filetype-woff"},
    {"id":1055, "name":"filetype-xls"},
    {"id":1056, "name":"filetype-xlsx"},
    {"id":1057, "name":"filetype-xml"},
    {"id":1058, "name":"filetype-yml"},
    {"id":1059, "name":"film"},
    {"id":1060, "name":"filter"},
    {"id":1061, "name":"filter-circle"},
    {"id":1062, "name":"filter-circle-fill"},
    {"id":1063, "name":"filter-left"},
    {"id":1064, "name":"filter-right"},
    {"id":1065, "name":"filter-square"},
    {"id":1066, "name":"filter-square-fill"},
    {"id":1067, "name":"fingerprint"},
    {"id":1068, "name":"fire"},
    {"id":1069, "name":"flag"},
    {"id":1070, "name":"flag-fill"},
    {"id":1071, "name":"floppy"},
    {"id":1072, "name":"floppy-fill"},
    {"id":1073, "name":"floppy2"},
    {"id":1074, "name":"floppy2-fill"},
    {"id":1075, "name":"flower1"},
    {"id":1076, "name":"flower2"},
    {"id":1077, "name":"flower3"},
    {"id":1078, "name":"folder"},
    {"id":1079, "name":"folder-check"},
    {"id":1080, "name":"folder-fill"},
    {"id":1081, "name":"folder-minus"},
    {"id":1082, "name":"folder-plus"},
    {"id":1083, "name":"folder-symlink"},
    {"id":1084, "name":"folder-symlink-fill"},
    {"id":1085, "name":"folder-x"},
    {"id":1086, "name":"folder2"},
    {"id":1087, "name":"folder2-open"},
    {"id":1088, "name":"fonts"},
    {"id":1089, "name":"forward"},
    {"id":1090, "name":"forward-fill"},
    {"id":1091, "name":"front"},
    {"id":1092, "name":"fuel-pump"},
    {"id":1093, "name":"fuel-pump-diesel"},
    {"id":1094, "name":"fuel-pump-diesel-fill"},
    {"id":1095, "name":"fuel-pump-fill"},
    {"id":1096, "name":"fullscreen"},
    {"id":1097, "name":"fullscreen-exit"},
    {"id":1098, "name":"funnel"},
    {"id":1099, "name":"funnel-fill"},
    {"id":1100, "name":"gear"},
    {"id":1101, "name":"gear-fill"},
    {"id":1102, "name":"gear-wide"},
    {"id":1103, "name":"gear-wide-connected"},
    {"id":1104, "name":"gem"},
    {"id":1105, "name":"gender-ambiguous"},
    {"id":1106, "name":"gender-female"},
    {"id":1107, "name":"gender-male"},
    {"id":1108, "name":"gender-neuter"},
    {"id":1109, "name":"gender-trans"},
    {"id":1110, "name":"geo"},
    {"id":1111, "name":"geo-alt"},
    {"id":1112, "name":"geo-alt-fill"},
    {"id":1113, "name":"geo-fill"},
    {"id":1114, "name":"gift"},
    {"id":1115, "name":"gift-fill"},
    {"id":1116, "name":"git"},
    {"id":1117, "name":"github"},
    {"id":1118, "name":"gitlab"},
    {"id":1119, "name":"globe"},
    {"id":1120, "name":"globe-americas"},
    {"id":1121, "name":"globe-asia-australia"},
    {"id":1122, "name":"globe-central-south-asia"},
    {"id":1123, "name":"globe-europe-africa"},
    {"id":1124, "name":"globe2"},
    {"id":1125, "name":"google"},
    {"id":1126, "name":"google-play"},
    {"id":1127, "name":"gpu-card"},
    {"id":1128, "name":"graph-down"},
    {"id":1129, "name":"graph-down-arrow"},
    {"id":1130, "name":"graph-up"},
    {"id":1131, "name":"graph-up-arrow"},
    {"id":1132, "name":"grid"},
    {"id":1133, "name":"grid-1x2"},
    {"id":1134, "name":"grid-1x2-fill"},
    {"id":1135, "name":"grid-3x2"},
    {"id":1136, "name":"grid-3x2-gap"},
    {"id":1137, "name":"grid-3x2-gap-fill"},
    {"id":1138, "name":"grid-3x3"},
    {"id":1139, "name":"grid-3x3-gap"},
    {"id":1140, "name":"grid-3x3-gap-fill"},
    {"id":1141, "name":"grid-fill"},
    {"id":1142, "name":"grip-horizontal"},
    {"id":1143, "name":"grip-vertical"},
    {"id":1144, "name":"h-circle"},
    {"id":1145, "name":"h-circle-fill"},
    {"id":1146, "name":"h-square"},
    {"id":1147, "name":"h-square-fill"},
    {"id":1148, "name":"hammer"},
    {"id":1149, "name":"hand-index"},
    {"id":1150, "name":"hand-index-fill"},
    {"id":1151, "name":"hand-index-thumb"},
    {"id":1152, "name":"hand-index-thumb-fill"},
    {"id":1153, "name":"hand-thumbs-down"},
    {"id":1154, "name":"hand-thumbs-down-fill"},
    {"id":1155, "name":"hand-thumbs-up"},
    {"id":1156, "name":"hand-thumbs-up-fill"},
    {"id":1157, "name":"handbag"},
    {"id":1158, "name":"handbag-fill"},
    {"id":1159, "name":"hash"},
    {"id":1160, "name":"hdd"},
    {"id":1161, "name":"hdd-fill"},
    {"id":1162, "name":"hdd-network"},
    {"id":1163, "name":"hdd-network-fill"},
    {"id":1164, "name":"hdd-rack"},
    {"id":1165, "name":"hdd-rack-fill"},
    {"id":1166, "name":"hdd-stack"},
    {"id":1167, "name":"hdd-stack-fill"},
    {"id":1168, "name":"hdmi"},
    {"id":1169, "name":"hdmi-fill"},
    {"id":1170, "name":"headphones"},
    {"id":1171, "name":"headset"},
    {"id":1172, "name":"headset-vr"},
    {"id":1173, "name":"heart"},
    {"id":1174, "name":"heart-arrow"},
    {"id":1175, "name":"heart-fill"},
    {"id":1176, "name":"heart-half"},
    {"id":1177, "name":"heart-pulse"},
    {"id":1178, "name":"heart-pulse-fill"},
    {"id":1179, "name":"heartbreak"},
    {"id":1180, "name":"heartbreak-fill"},
    {"id":1181, "name":"hearts"},
    {"id":1182, "name":"heptagon"},
    {"id":1183, "name":"heptagon-fill"},
    {"id":1184, "name":"heptagon-half"},
    {"id":1185, "name":"hexagon"},
    {"id":1186, "name":"hexagon-fill"},
    {"id":1187, "name":"hexagon-half"},
    {"id":1188, "name":"highlighter"},
    {"id":1189, "name":"highlights"},
    {"id":1190, "name":"hospital"},
    {"id":1191, "name":"hospital-fill"},
    {"id":1192, "name":"hourglass"},
    {"id":1193, "name":"hourglass-bottom"},
    {"id":1194, "name":"hourglass-split"},
    {"id":1195, "name":"hourglass-top"},
    {"id":1196, "name":"house"},
    {"id":1197, "name":"house-add"},
    {"id":1198, "name":"house-add-fill"},
    {"id":1199, "name":"house-check"},
    {"id":1200, "name":"house-check-fill"},
    {"id":1201, "name":"house-dash"},
    {"id":1202, "name":"house-dash-fill"},
    {"id":1203, "name":"house-door"},
    {"id":1204, "name":"house-door-fill"},
    {"id":1205, "name":"house-down"},
    {"id":1206, "name":"house-down-fill"},
    {"id":1207, "name":"house-exclamation"},
    {"id":1208, "name":"house-exclamation-fill"},
    {"id":1209, "name":"house-fill"},
    {"id":1210, "name":"house-gear"},
    {"id":1211, "name":"house-gear-fill"},
    {"id":1212, "name":"house-heart"},
    {"id":1213, "name":"house-heart-fill"},
    {"id":1214, "name":"house-lock"},
    {"id":1215, "name":"house-lock-fill"},
    {"id":1216, "name":"house-slash"},
    {"id":1217, "name":"house-slash-fill"},
    {"id":1218, "name":"house-up"},
    {"id":1219, "name":"house-up-fill"},
    {"id":1220, "name":"house-x"},
    {"id":1221, "name":"house-x-fill"},
    {"id":1222, "name":"houses"},
    {"id":1223, "name":"houses-fill"},
    {"id":1224, "name":"hr"},
    {"id":1225, "name":"hurricane"},
    {"id":1226, "name":"hypnotize"},
    {"id":1227, "name":"image"},
    {"id":1228, "name":"image-alt"},
    {"id":1229, "name":"image-fill"},
    {"id":1230, "name":"images"},
    {"id":1231, "name":"inbox"},
    {"id":1232, "name":"inbox-fill"},
    {"id":1233, "name":"inboxes-fill"},
    {"id":1234, "name":"inboxes"},
    {"id":1235, "name":"incognito"},
    {"id":1236, "name":"indent"},
    {"id":1237, "name":"infinity"},
    {"id":1238, "name":"info"},
    {"id":1239, "name":"info-circle"},
    {"id":1240, "name":"info-circle-fill"},
    {"id":1241, "name":"info-lg"},
    {"id":1242, "name":"info-square"},
    {"id":1243, "name":"info-square-fill"},
    {"id":1244, "name":"input-cursor"},
    {"id":1245, "name":"input-cursor-text"},
    {"id":1246, "name":"instagram"},
    {"id":1247, "name":"intersect"},
    {"id":1248, "name":"journal"},
    {"id":1249, "name":"journal-album"},
    {"id":1250, "name":"journal-arrow-down"},
    {"id":1251, "name":"journal-arrow-up"},
    {"id":1252, "name":"journal-bookmark"},
    {"id":1253, "name":"journal-bookmark-fill"},
    {"id":1254, "name":"journal-check"},
    {"id":1255, "name":"journal-code"},
    {"id":1256, "name":"journal-medical"},
    {"id":1257, "name":"journal-minus"},
    {"id":1258, "name":"journal-plus"},
    {"id":1259, "name":"journal-richtext"},
    {"id":1260, "name":"journal-text"},
    {"id":1261, "name":"journal-x"},
    {"id":1262, "name":"journals"},
    {"id":1263, "name":"joystick"},
    {"id":1264, "name":"justify"},
    {"id":1265, "name":"justify-left"},
    {"id":1266, "name":"justify-right"},
    {"id":1267, "name":"kanban"},
    {"id":1268, "name":"kanban-fill"},
    {"id":1269, "name":"key"},
    {"id":1270, "name":"key-fill"},
    {"id":1271, "name":"keyboard"},
    {"id":1272, "name":"keyboard-fill"},
    {"id":1273, "name":"ladder"},
    {"id":1274, "name":"lamp"},
    {"id":1275, "name":"lamp-fill"},
    {"id":1276, "name":"laptop"},
    {"id":1277, "name":"laptop-fill"},
    {"id":1278, "name":"layer-backward"},
    {"id":1279, "name":"layer-forward"},
    {"id":1280, "name":"layers"},
    {"id":1281, "name":"layers-fill"},
    {"id":1282, "name":"layers-half"},
    {"id":1283, "name":"layout-sidebar"},
    {"id":1284, "name":"layout-sidebar-inset-reverse"},
    {"id":1285, "name":"layout-sidebar-inset"},
    {"id":1286, "name":"layout-sidebar-reverse"},
    {"id":1287, "name":"layout-split"},
    {"id":1288, "name":"layout-text-sidebar"},
    {"id":1289, "name":"layout-text-sidebar-reverse"},
    {"id":1290, "name":"layout-text-window"},
    {"id":1291, "name":"layout-text-window-reverse"},
    {"id":1292, "name":"layout-three-columns"},
    {"id":1293, "name":"layout-wtf"},
    {"id":1294, "name":"life-preserver"},
    {"id":1295, "name":"lightbulb"},
    {"id":1296, "name":"lightbulb-fill"},
    {"id":1297, "name":"lightbulb-off"},
    {"id":1298, "name":"lightbulb-off-fill"},
    {"id":1299, "name":"lightning"},
    {"id":1300, "name":"lightning-charge"},
    {"id":1301, "name":"lightning-charge-fill"},
    {"id":1302, "name":"lightning-fill"},
    {"id":1303, "name":"line"},
    {"id":1304, "name":"link"},
    {"id":1305, "name":"link-45deg"},
    {"id":1306, "name":"linkedin"},
    {"id":1307, "name":"list"},
    {"id":1308, "name":"list-check"},
    {"id":1309, "name":"list-columns"},
    {"id":1310, "name":"list-columns-reverse"},
    {"id":1311, "name":"list-nested"},
    {"id":1312, "name":"list-ol"},
    {"id":1313, "name":"list-stars"},
    {"id":1314, "name":"list-task"},
    {"id":1315, "name":"list-ul"},
    {"id":1316, "name":"lock"},
    {"id":1317, "name":"lock-fill"},
    {"id":1318, "name":"luggage"},
    {"id":1319, "name":"luggage-fill"},
    {"id":1320, "name":"lungs"},
    {"id":1321, "name":"lungs-fill"},
    {"id":1322, "name":"magic"},
    {"id":1323, "name":"magnet"},
    {"id":1324, "name":"magnet-fill"},
    {"id":1325, "name":"mailbox"},
    {"id":1326, "name":"mailbox-flag"},
    {"id":1327, "name":"mailbox2"},
    {"id":1328, "name":"mailbox2-flag"},
    {"id":1329, "name":"map"},
    {"id":1330, "name":"map-fill"},
    {"id":1331, "name":"markdown"},
    {"id":1332, "name":"markdown-fill"},
    {"id":1333, "name":"marker-tip"},
    {"id":1334, "name":"mask"},
    {"id":1335, "name":"mastodon"},
    {"id":1336, "name":"medium"},
    {"id":1337, "name":"megaphone"},
    {"id":1338, "name":"megaphone-fill"},
    {"id":1339, "name":"memory"},
    {"id":1340, "name":"menu-app"},
    {"id":1341, "name":"menu-app-fill"},
    {"id":1342, "name":"menu-button"},
    {"id":1343, "name":"menu-button-fill"},
    {"id":1344, "name":"menu-button-wide"},
    {"id":1345, "name":"menu-button-wide-fill"},
    {"id":1346, "name":"menu-down"},
    {"id":1347, "name":"menu-up"},
    {"id":1348, "name":"messenger"},
    {"id":1349, "name":"meta"},
    {"id":1350, "name":"mic"},
    {"id":1351, "name":"mic-fill"},
    {"id":1352, "name":"mic-mute"},
    {"id":1353, "name":"mic-mute-fill"},
    {"id":1354, "name":"microsoft"},
    {"id":1355, "name":"microsoft-teams"},
    {"id":1356, "name":"minecart"},
    {"id":1357, "name":"minecart-loaded"},
    {"id":1358, "name":"modem"},
    {"id":1359, "name":"modem-fill"},
    {"id":1360, "name":"moisture"},
    {"id":1361, "name":"moon"},
    {"id":1362, "name":"moon-fill"},
    {"id":1363, "name":"moon-stars"},
    {"id":1364, "name":"moon-stars-fill"},
    {"id":1365, "name":"mortarboard"},
    {"id":1366, "name":"mortarboard-fill"},
    {"id":1367, "name":"motherboard"},
    {"id":1368, "name":"motherboard-fill"},
    {"id":1369, "name":"mouse"},
    {"id":1370, "name":"mouse-fill"},
    {"id":1371, "name":"mouse2"},
    {"id":1372, "name":"mouse2-fill"},
    {"id":1373, "name":"mouse3"},
    {"id":1374, "name":"mouse3-fill"},
    {"id":1375, "name":"music-note"},
    {"id":1376, "name":"music-note-beamed"},
    {"id":1377, "name":"music-note-list"},
    {"id":1378, "name":"music-player"},
    {"id":1379, "name":"music-player-fill"},
    {"id":1380, "name":"newspaper"},
    {"id":1381, "name":"nintendo-switch"},
    {"id":1382, "name":"node-minus"},
    {"id":1383, "name":"node-minus-fill"},
    {"id":1384, "name":"node-plus"},
    {"id":1385, "name":"node-plus-fill"},
    {"id":1386, "name":"noise-reduction"},
    {"id":1387, "name":"nut"},
    {"id":1388, "name":"nut-fill"},
    {"id":1389, "name":"nvidia"},
    {"id":1390, "name":"nvme"},
    {"id":1391, "name":"nvme-fill"},
    {"id":1392, "name":"octagon"},
    {"id":1393, "name":"octagon-fill"},
    {"id":1394, "name":"octagon-half"},
    {"id":1395, "name":"opencollective"},
    {"id":1396, "name":"optical-audio"},
    {"id":1397, "name":"optical-audio-fill"},
    {"id":1398, "name":"option"},
    {"id":1399, "name":"outlet"},
    {"id":1400, "name":"p-circle"},
    {"id":1401, "name":"p-circle-fill"},
    {"id":1402, "name":"p-square"},
    {"id":1403, "name":"p-square-fill"},
    {"id":1404, "name":"paint-bucket"},
    {"id":1405, "name":"palette"},
    {"id":1406, "name":"palette-fill"},
    {"id":1407, "name":"palette2"},
    {"id":1408, "name":"paperclip"},
    {"id":1409, "name":"paragraph"},
    {"id":1410, "name":"pass"},
    {"id":1411, "name":"pass-fill"},
    {"id":1412, "name":"passport"},
    {"id":1413, "name":"passport-fill"},
    {"id":1414, "name":"patch-check"},
    {"id":1415, "name":"patch-check-fill"},
    {"id":1416, "name":"patch-exclamation"},
    {"id":1417, "name":"patch-exclamation-fill"},
    {"id":1418, "name":"patch-minus"},
    {"id":1419, "name":"patch-minus-fill"},
    {"id":1420, "name":"patch-plus"},
    {"id":1421, "name":"patch-plus-fill"},
    {"id":1422, "name":"patch-question"},
    {"id":1423, "name":"patch-question-fill"},
    {"id":1424, "name":"pause"},
    {"id":1425, "name":"pause-btn"},
    {"id":1426, "name":"pause-btn-fill"},
    {"id":1427, "name":"pause-circle"},
    {"id":1428, "name":"pause-circle-fill"},
    {"id":1429, "name":"pause-fill"},
    {"id":1430, "name":"paypal"},
    {"id":1431, "name":"pc"},
    {"id":1432, "name":"pc-display"},
    {"id":1433, "name":"pc-display-horizontal"},
    {"id":1434, "name":"pc-horizontal"},
    {"id":1435, "name":"pci-card"},
    {"id":1436, "name":"pci-card-network"},
    {"id":1437, "name":"pci-card-sound"},
    {"id":1438, "name":"peace"},
    {"id":1439, "name":"peace-fill"},
    {"id":1440, "name":"pen"},
    {"id":1441, "name":"pen-fill"},
    {"id":1442, "name":"pencil"},
    {"id":1443, "name":"pencil-fill"},
    {"id":1444, "name":"pencil-square"},
    {"id":1445, "name":"pentagon"},
    {"id":1446, "name":"pentagon-fill"},
    {"id":1447, "name":"pentagon-half"},
    {"id":1448, "name":"people"},
    {"id":1449, "name":"person-circle"},
    {"id":1450, "name":"people-fill"},
    {"id":1451, "name":"percent"},
    {"id":1452, "name":"person"},
    {"id":1453, "name":"person-add"},
    {"id":1454, "name":"person-arms-up"},
    {"id":1455, "name":"person-badge"},
    {"id":1456, "name":"person-badge-fill"},
    {"id":1457, "name":"person-bounding-box"},
    {"id":1458, "name":"person-check"},
    {"id":1459, "name":"person-check-fill"},
    {"id":1460, "name":"person-dash"},
    {"id":1461, "name":"person-dash-fill"},
    {"id":1462, "name":"person-down"},
    {"id":1463, "name":"person-exclamation"},
    {"id":1464, "name":"person-fill"},
    {"id":1465, "name":"person-fill-add"},
    {"id":1466, "name":"person-fill-check"},
    {"id":1467, "name":"person-fill-dash"},
    {"id":1468, "name":"person-fill-down"},
    {"id":1469, "name":"person-fill-exclamation"},
    {"id":1470, "name":"person-fill-gear"},
    {"id":1471, "name":"person-fill-lock"},
    {"id":1472, "name":"person-fill-slash"},
    {"id":1473, "name":"person-fill-up"},
    {"id":1474, "name":"person-fill-x"},
    {"id":1475, "name":"person-gear"},
    {"id":1476, "name":"person-heart"},
    {"id":1477, "name":"person-hearts"},
    {"id":1478, "name":"person-lines-fill"},
    {"id":1479, "name":"person-lock"},
    {"id":1480, "name":"person-plus"},
    {"id":1481, "name":"person-plus-fill"},
    {"id":1482, "name":"person-raised-hand"},
    {"id":1483, "name":"person-rolodex"},
    {"id":1484, "name":"person-slash"},
    {"id":1485, "name":"person-square"},
    {"id":1486, "name":"person-standing"},
    {"id":1487, "name":"person-standing-dress"},
    {"id":1488, "name":"person-up"},
    {"id":1489, "name":"person-vcard"},
    {"id":1490, "name":"person-vcard-fill"},
    {"id":1491, "name":"person-video"},
    {"id":1492, "name":"person-video2"},
    {"id":1493, "name":"person-video3"},
    {"id":1494, "name":"person-walking"},
    {"id":1495, "name":"person-wheelchair"},
    {"id":1496, "name":"person-workspace"},
    {"id":1497, "name":"person-x"},
    {"id":1498, "name":"person-x-fill"},
    {"id":1499, "name":"phone"},
    {"id":1500, "name":"phone-fill"},
    {"id":1501, "name":"phone-flip"},
    {"id":1502, "name":"phone-landscape"},
    {"id":1503, "name":"phone-landscape-fill"},
    {"id":1504, "name":"phone-vibrate"},
    {"id":1505, "name":"phone-vibrate-fill"},
    {"id":1506, "name":"pie-chart"},
    {"id":1507, "name":"pie-chart-fill"},
    {"id":1508, "name":"piggy-bank"},
    {"id":1509, "name":"piggy-bank-fill"},
    {"id":1510, "name":"pin"},
    {"id":1511, "name":"pin-angle"},
    {"id":1512, "name":"pin-angle-fill"},
    {"id":1513, "name":"pin-fill"},
    {"id":1514, "name":"pin-map"},
    {"id":1515, "name":"pin-map-fill"},
    {"id":1516, "name":"pinterest"},
    {"id":1517, "name":"pip"},
    {"id":1518, "name":"pip-fill"},
    {"id":1519, "name":"play"},
    {"id":1520, "name":"play-btn"},
    {"id":1521, "name":"play-btn-fill"},
    {"id":1522, "name":"play-circle"},
    {"id":1523, "name":"play-circle-fill"},
    {"id":1524, "name":"play-fill"},
    {"id":1525, "name":"playstation"},
    {"id":1526, "name":"plug"},
    {"id":1527, "name":"plug-fill"},
    {"id":1528, "name":"plugin"},
    {"id":1529, "name":"plus"},
    {"id":1530, "name":"plus-circle"},
    {"id":1531, "name":"plus-circle-dotted"},
    {"id":1532, "name":"plus-circle-fill"},
    {"id":1533, "name":"plus-lg"},
    {"id":1534, "name":"plus-slash-minus"},
    {"id":1535, "name":"plus-square"},
    {"id":1536, "name":"plus-square-dotted"},
    {"id":1537, "name":"plus-square-fill"},
    {"id":1538, "name":"postage"},
    {"id":1539, "name":"postage-fill"},
    {"id":1540, "name":"postage-heart"},
    {"id":1541, "name":"postage-heart-fill"},
    {"id":1542, "name":"postcard"},
    {"id":1543, "name":"postcard-fill"},
    {"id":1544, "name":"postcard-heart"},
    {"id":1545, "name":"postcard-heart-fill"},
    {"id":1546, "name":"power"},
    {"id":1547, "name":"prescription"},
    {"id":1548, "name":"prescription2"},
    {"id":1549, "name":"printer"},
    {"id":1550, "name":"printer-fill"},
    {"id":1551, "name":"projector"},
    {"id":1552, "name":"projector-fill"},
    {"id":1553, "name":"puzzle"},
    {"id":1554, "name":"puzzle-fill"},
    {"id":1555, "name":"qr-code"},
    {"id":1556, "name":"qr-code-scan"},
    {"id":1557, "name":"question"},
    {"id":1558, "name":"question-circle"},
    {"id":1559, "name":"question-diamond"},
    {"id":1560, "name":"question-diamond-fill"},
    {"id":1561, "name":"question-circle-fill"},
    {"id":1562, "name":"question-lg"},
    {"id":1563, "name":"question-octagon"},
    {"id":1564, "name":"question-octagon-fill"},
    {"id":1565, "name":"question-square"},
    {"id":1566, "name":"question-square-fill"},
    {"id":1567, "name":"quora"},
    {"id":1568, "name":"quote"},
    {"id":1569, "name":"r-circle"},
    {"id":1570, "name":"r-circle-fill"},
    {"id":1571, "name":"r-square"},
    {"id":1572, "name":"r-square-fill"},
    {"id":1573, "name":"radar"},
    {"id":1574, "name":"radioactive"},
    {"id":1575, "name":"rainbow"},
    {"id":1576, "name":"receipt"},
    {"id":1577, "name":"receipt-cutoff"},
    {"id":1578, "name":"reception-0"},
    {"id":1579, "name":"reception-1"},
    {"id":1580, "name":"reception-2"},
    {"id":1581, "name":"reception-3"},
    {"id":1582, "name":"reception-4"},
    {"id":1583, "name":"record"},
    {"id":1584, "name":"record-btn"},
    {"id":1585, "name":"record-btn-fill"},
    {"id":1586, "name":"record-circle"},
    {"id":1587, "name":"record-circle-fill"},
    {"id":1588, "name":"record-fill"},
    {"id":1589, "name":"record2"},
    {"id":1590, "name":"record2-fill"},
    {"id":1591, "name":"recycle"},
    {"id":1592, "name":"reddit"},
    {"id":1593, "name":"regex"},
    {"id":1594, "name":"repeat"},
    {"id":1595, "name":"repeat-1"},
    {"id":1596, "name":"reply"},
    {"id":1597, "name":"reply-all"},
    {"id":1598, "name":"reply-all-fill"},
    {"id":1599, "name":"reply-fill"},
    {"id":1600, "name":"rewind"},
    {"id":1601, "name":"rewind-btn"},
    {"id":1602, "name":"rewind-btn-fill"},
    {"id":1603, "name":"rewind-circle"},
    {"id":1604, "name":"rewind-circle-fill"},
    {"id":1605, "name":"rewind-fill"},
    {"id":1606, "name":"robot"},
    {"id":1607, "name":"rocket"},
    {"id":1608, "name":"rocket-fill"},
    {"id":1609, "name":"rocket-takeoff"},
    {"id":1610, "name":"rocket-takeoff-fill"},
    {"id":1611, "name":"router"},
    {"id":1612, "name":"router-fill"},
    {"id":1613, "name":"rss"},
    {"id":1614, "name":"rss-fill"},
    {"id":1615, "name":"rulers"},
    {"id":1616, "name":"safe"},
    {"id":1617, "name":"safe-fill"},
    {"id":1618, "name":"safe2"},
    {"id":1619, "name":"safe2-fill"},
    {"id":1620, "name":"save"},
    {"id":1621, "name":"save-fill"},
    {"id":1622, "name":"save2"},
    {"id":1623, "name":"save2-fill"},
    {"id":1624, "name":"scissors"},
    {"id":1625, "name":"scooter"},
    {"id":1626, "name":"screwdriver"},
    {"id":1627, "name":"sd-card"},
    {"id":1628, "name":"sd-card-fill"},
    {"id":1629, "name":"search"},
    {"id":1630, "name":"search-heart"},
    {"id":1631, "name":"search-heart-fill"},
    {"id":1632, "name":"segmented-nav"},
    {"id":1633, "name":"send"},
    {"id":1634, "name":"send-arrow-down"},
    {"id":1635, "name":"send-arrow-down-fill"},
    {"id":1636, "name":"send-arrow-up"},
    {"id":1637, "name":"send-arrow-up-fill"},
    {"id":1638, "name":"send-check"},
    {"id":1639, "name":"send-check-fill"},
    {"id":1640, "name":"send-dash"},
    {"id":1641, "name":"send-dash-fill"},
    {"id":1642, "name":"send-exclamation"},
    {"id":1643, "name":"send-exclamation-fill"},
    {"id":1644, "name":"send-fill"},
    {"id":1645, "name":"send-plus"},
    {"id":1646, "name":"send-plus-fill"},
    {"id":1647, "name":"send-slash"},
    {"id":1648, "name":"send-slash-fill"},
    {"id":1649, "name":"send-x"},
    {"id":1650, "name":"send-x-fill"},
    {"id":1651, "name":"server"},
    {"id":1652, "name":"shadows"},
    {"id":1653, "name":"share"},
    {"id":1654, "name":"share-fill"},
    {"id":1655, "name":"shield"},
    {"id":1656, "name":"shield-check"},
    {"id":1657, "name":"shield-exclamation"},
    {"id":1658, "name":"shield-fill"},
    {"id":1659, "name":"shield-fill-check"},
    {"id":1660, "name":"shield-fill-exclamation"},
    {"id":1661, "name":"shield-fill-minus"},
    {"id":1662, "name":"shield-fill-plus"},
    {"id":1663, "name":"shield-fill-x"},
    {"id":1664, "name":"shield-lock"},
    {"id":1665, "name":"shield-lock-fill"},
    {"id":1666, "name":"shield-minus"},
    {"id":1667, "name":"shield-plus"},
    {"id":1668, "name":"shield-shaded"},
    {"id":1669, "name":"shield-slash"},
    {"id":1670, "name":"shield-slash-fill"},
    {"id":1671, "name":"shield-x"},
    {"id":1672, "name":"shift"},
    {"id":1673, "name":"shift-fill"},
    {"id":1674, "name":"shop"},
    {"id":1675, "name":"shop-window"},
    {"id":1676, "name":"shuffle"},
    {"id":1677, "name":"sign-dead-end"},
    {"id":1678, "name":"sign-dead-end-fill"},
    {"id":1679, "name":"sign-do-not-enter"},
    {"id":1680, "name":"sign-do-not-enter-fill"},
    {"id":1681, "name":"sign-intersection"},
    {"id":1682, "name":"sign-intersection-fill"},
    {"id":1683, "name":"sign-intersection-side"},
    {"id":1684, "name":"sign-intersection-side-fill"},
    {"id":1685, "name":"sign-intersection-t"},
    {"id":1686, "name":"sign-intersection-t-fill"},
    {"id":1687, "name":"sign-intersection-y"},
    {"id":1688, "name":"sign-intersection-y-fill"},
    {"id":1689, "name":"sign-merge-left"},
    {"id":1690, "name":"sign-merge-left-fill"},
    {"id":1691, "name":"sign-merge-right"},
    {"id":1692, "name":"sign-merge-right-fill"},
    {"id":1693, "name":"sign-no-left-turn"},
    {"id":1694, "name":"sign-no-left-turn-fill"},
    {"id":1695, "name":"sign-no-parking"},
    {"id":1696, "name":"sign-no-parking-fill"},
    {"id":1697, "name":"sign-no-right-turn"},
    {"id":1698, "name":"sign-no-right-turn-fill"},
    {"id":1699, "name":"sign-railroad"},
    {"id":1700, "name":"sign-railroad-fill"},
    {"id":1701, "name":"sign-stop"},
    {"id":1702, "name":"sign-stop-fill"},
    {"id":1703, "name":"sign-stop-lights"},
    {"id":1704, "name":"sign-stop-lights-fill"},
    {"id":1705, "name":"sign-turn-left"},
    {"id":1706, "name":"sign-turn-left-fill"},
    {"id":1707, "name":"sign-turn-right"},
    {"id":1708, "name":"sign-turn-right-fill"},
    {"id":1709, "name":"sign-turn-slight-left"},
    {"id":1710, "name":"sign-turn-slight-left-fill"},
    {"id":1711, "name":"sign-turn-slight-right"},
    {"id":1712, "name":"sign-turn-slight-right-fill"},
    {"id":1713, "name":"sign-yield"},
    {"id":1714, "name":"sign-yield-fill"},
    {"id":1715, "name":"signal"},
    {"id":1716, "name":"signpost"},
    {"id":1717, "name":"signpost-2"},
    {"id":1718, "name":"signpost-2-fill"},
    {"id":1719, "name":"signpost-fill"},
    {"id":1720, "name":"signpost-split"},
    {"id":1721, "name":"signpost-split-fill"},
    {"id":1722, "name":"sim"},
    {"id":1723, "name":"sim-fill"},
    {"id":1724, "name":"sim-slash"},
    {"id":1725, "name":"sim-slash-fill"},
    {"id":1726, "name":"sina-weibo"},
    {"id":1727, "name":"skip-backward"},
    {"id":1728, "name":"skip-backward-btn"},
    {"id":1729, "name":"skip-backward-btn-fill"},
    {"id":1730, "name":"skip-backward-circle"},
    {"id":1731, "name":"skip-backward-circle-fill"},
    {"id":1732, "name":"skip-backward-fill"},
    {"id":1733, "name":"skip-end"},
    {"id":1734, "name":"skip-end-btn"},
    {"id":1735, "name":"skip-end-btn-fill"},
    {"id":1736, "name":"skip-end-circle"},
    {"id":1737, "name":"skip-end-circle-fill"},
    {"id":1738, "name":"skip-end-fill"},
    {"id":1739, "name":"skip-forward"},
    {"id":1740, "name":"skip-forward-btn"},
    {"id":1741, "name":"skip-forward-btn-fill"},
    {"id":1742, "name":"skip-forward-circle"},
    {"id":1743, "name":"skip-forward-circle-fill"},
    {"id":1744, "name":"skip-forward-fill"},
    {"id":1745, "name":"skip-start"},
    {"id":1746, "name":"skip-start-btn"},
    {"id":1747, "name":"skip-start-btn-fill"},
    {"id":1748, "name":"skip-start-circle"},
    {"id":1749, "name":"skip-start-circle-fill"},
    {"id":1750, "name":"skip-start-fill"},
    {"id":1751, "name":"skype"},
    {"id":1752, "name":"slack"},
    {"id":1753, "name":"slash"},
    {"id":1754, "name":"slash-circle-fill"},
    {"id":1755, "name":"slash-lg"},
    {"id":1756, "name":"slash-square"},
    {"id":1757, "name":"slash-square-fill"},
    {"id":1758, "name":"sliders"},
    {"id":1759, "name":"sliders2"},
    {"id":1760, "name":"sliders2-vertical"},
    {"id":1761, "name":"smartwatch"},
    {"id":1762, "name":"snapchat"},
    {"id":1763, "name":"snow"},
    {"id":1764, "name":"snow2"},
    {"id":1765, "name":"snow3"},
    {"id":1766, "name":"sort-alpha-down"},
    {"id":1767, "name":"sort-alpha-down-alt"},
    {"id":1768, "name":"sort-alpha-up"},
    {"id":1769, "name":"sort-alpha-up-alt"},
    {"id":1770, "name":"sort-down"},
    {"id":1771, "name":"sort-down-alt"},
    {"id":1772, "name":"sort-numeric-down"},
    {"id":1773, "name":"sort-numeric-down-alt"},
    {"id":1774, "name":"sort-numeric-up"},
    {"id":1775, "name":"sort-numeric-up-alt"},
    {"id":1776, "name":"sort-up"},
    {"id":1777, "name":"sort-up-alt"},
    {"id":1778, "name":"soundwave"},
    {"id":1779, "name":"sourceforge"},
    {"id":1780, "name":"speaker"},
    {"id":1781, "name":"speaker-fill"},
    {"id":1782, "name":"speedometer"},
    {"id":1783, "name":"speedometer2"},
    {"id":1784, "name":"spellcheck"},
    {"id":1785, "name":"spotify"},
    {"id":1786, "name":"square"},
    {"id":1787, "name":"square-fill"},
    {"id":1788, "name":"square-half"},
    {"id":1789, "name":"stack"},
    {"id":1790, "name":"stack-overflow"},
    {"id":1791, "name":"star"},
    {"id":1792, "name":"star-fill"},
    {"id":1793, "name":"star-half"},
    {"id":1794, "name":"stars"},
    {"id":1795, "name":"steam"},
    {"id":1796, "name":"stickies"},
    {"id":1797, "name":"stickies-fill"},
    {"id":1798, "name":"sticky"},
    {"id":1799, "name":"sticky-fill"},
    {"id":1800, "name":"stop"},
    {"id":1801, "name":"stop-btn"},
    {"id":1802, "name":"stop-btn-fill"},
    {"id":1803, "name":"stop-circle"},
    {"id":1804, "name":"stop-circle-fill"},
    {"id":1805, "name":"stop-fill"},
    {"id":1806, "name":"stoplights"},
    {"id":1807, "name":"stoplights-fill"},
    {"id":1808, "name":"stopwatch"},
    {"id":1809, "name":"stopwatch-fill"},
    {"id":1810, "name":"strava"},
    {"id":1811, "name":"stripe"},
    {"id":1812, "name":"subscript"},
    {"id":1813, "name":"substack"},
    {"id":1814, "name":"subtract"},
    {"id":1815, "name":"suit-club"},
    {"id":1816, "name":"suit-club-fill"},
    {"id":1817, "name":"suit-diamond"},
    {"id":1818, "name":"suit-diamond-fill"},
    {"id":1819, "name":"suit-heart"},
    {"id":1820, "name":"suit-heart-fill"},
    {"id":1821, "name":"suit-spade"},
    {"id":1822, "name":"suit-spade-fill"},
    {"id":1823, "name":"suitcase"},
    {"id":1824, "name":"suitcase-fill"},
    {"id":1825, "name":"suitcase-lg"},
    {"id":1826, "name":"suitcase-lg-fill"},
    {"id":1827, "name":"suitcase2"},
    {"id":1828, "name":"suitcase2-fill"},
    {"id":1829, "name":"sun"},
    {"id":1830, "name":"sun-fill"},
    {"id":1831, "name":"sunglasses"},
    {"id":1832, "name":"sunrise"},
    {"id":1833, "name":"sunrise-fill"},
    {"id":1834, "name":"sunset"},
    {"id":1835, "name":"sunset-fill"},
    {"id":1836, "name":"superscript"},
    {"id":1837, "name":"symmetry-horizontal"},
    {"id":1838, "name":"symmetry-vertical"},
    {"id":1839, "name":"table"},
    {"id":1840, "name":"tablet"},
    {"id":1841, "name":"tablet-fill"},
    {"id":1842, "name":"tablet-landscape"},
    {"id":1843, "name":"tablet-landscape-fill"},
    {"id":1844, "name":"tag"},
    {"id":1845, "name":"tag-fill"},
    {"id":1846, "name":"tags"},
    {"id":1847, "name":"tags-fill"},
    {"id":1848, "name":"taxi-front"},
    {"id":1849, "name":"taxi-front-fill"},
    {"id":1850, "name":"telegram"},
    {"id":1851, "name":"telephone"},
    {"id":1852, "name":"telephone-fill"},
    {"id":1853, "name":"telephone-forward"},
    {"id":1854, "name":"telephone-forward-fill"},
    {"id":1855, "name":"telephone-inbound"},
    {"id":1856, "name":"telephone-inbound-fill"},
    {"id":1857, "name":"telephone-minus"},
    {"id":1858, "name":"telephone-minus-fill"},
    {"id":1859, "name":"telephone-outbound"},
    {"id":1860, "name":"telephone-outbound-fill"},
    {"id":1861, "name":"telephone-plus"},
    {"id":1862, "name":"telephone-plus-fill"},
    {"id":1863, "name":"telephone-x"},
    {"id":1864, "name":"telephone-x-fill"},
    {"id":1865, "name":"tencent-qq"},
    {"id":1866, "name":"terminal"},
    {"id":1867, "name":"terminal-dash"},
    {"id":1868, "name":"terminal-fill"},
    {"id":1869, "name":"terminal-plus"},
    {"id":1870, "name":"terminal-split"},
    {"id":1871, "name":"terminal-x"},
    {"id":1872, "name":"text-center"},
    {"id":1873, "name":"text-indent-left"},
    {"id":1874, "name":"text-indent-right"},
    {"id":1875, "name":"text-left"},
    {"id":1876, "name":"text-paragraph"},
    {"id":1877, "name":"text-right"},
    {"id":1878, "name":"text-wrap"},
    {"id":1879, "name":"textarea"},
    {"id":1880, "name":"textarea-resize"},
    {"id":1881, "name":"textarea-t"},
    {"id":1882, "name":"thermometer"},
    {"id":1883, "name":"thermometer-half"},
    {"id":1884, "name":"thermometer-high"},
    {"id":1885, "name":"thermometer-low"},
    {"id":1886, "name":"thermometer-snow"},
    {"id":1887, "name":"thermometer-sun"},
    {"id":1888, "name":"threads"},
    {"id":1889, "name":"threads-fill"},
    {"id":1890, "name":"three-dots"},
    {"id":1891, "name":"three-dots-vertical"},
    {"id":1892, "name":"thunderbolt"},
    {"id":1893, "name":"thunderbolt-fill"},
    {"id":1894, "name":"ticket"},
    {"id":1895, "name":"ticket-detailed"},
    {"id":1896, "name":"ticket-detailed-fill"},
    {"id":1897, "name":"ticket-fill"},
    {"id":1898, "name":"ticket-perforated"},
    {"id":1899, "name":"ticket-perforated-fill"},
    {"id":1900, "name":"tiktok"},
    {"id":1901, "name":"toggle-off"},
    {"id":1902, "name":"toggle-on"},
    {"id":1903, "name":"toggle2-off"},
    {"id":1904, "name":"toggle2-on"},
    {"id":1905, "name":"toggles"},
    {"id":1906, "name":"toggles2"},
    {"id":1907, "name":"tools"},
    {"id":1908, "name":"tornado"},
    {"id":1909, "name":"train-freight-front"},
    {"id":1910, "name":"train-freight-front-fill"},
    {"id":1911, "name":"train-front"},
    {"id":1912, "name":"train-front-fill"},
    {"id":1913, "name":"train-lightrail-front"},
    {"id":1914, "name":"train-lightrail-front-fill"},
    {"id":1915, "name":"translate"},
    {"id":1916, "name":"transparency"},
    {"id":1917, "name":"trash"},
    {"id":1918, "name":"trash-fill"},
    {"id":1919, "name":"trash2"},
    {"id":1920, "name":"trash2-fill"},
    {"id":1921, "name":"trash3"},
    {"id":1922, "name":"trash3-fill"},
    {"id":1923, "name":"tree"},
    {"id":1924, "name":"tree-fill"},
    {"id":1925, "name":"trello"},
    {"id":1926, "name":"triangle"},
    {"id":1927, "name":"triangle-fill"},
    {"id":1928, "name":"triangle-half"},
    {"id":1929, "name":"trophy"},
    {"id":1930, "name":"trophy-fill"},
    {"id":1931, "name":"tropical-storm"},
    {"id":1932, "name":"truck"},
    {"id":1933, "name":"truck-flatbed"},
    {"id":1934, "name":"truck-front"},
    {"id":1935, "name":"truck-front-fill"},
    {"id":1936, "name":"tsunami"},
    {"id":1937, "name":"tv"},
    {"id":1938, "name":"tv-fill"},
    {"id":1939, "name":"twitch"},
    {"id":1940, "name":"twitter"},
    {"id":1941, "name":"twitter-x"},
    {"id":1942, "name":"type"},
    {"id":1943, "name":"type-bold"},
    {"id":1944, "name":"type-h1"},
    {"id":1945, "name":"type-h2"},
    {"id":1946, "name":"type-h3"},
    {"id":1947, "name":"type-h4"},
    {"id":1948, "name":"type-h5"},
    {"id":1949, "name":"type-h6"},
    {"id":1950, "name":"type-italic"},
    {"id":1951, "name":"type-strikethrough"},
    {"id":1952, "name":"type-underline"},
    {"id":1953, "name":"ubuntu"},
    {"id":1954, "name":"ui-checks"},
    {"id":1955, "name":"ui-checks-grid"},
    {"id":1956, "name":"ui-radios"},
    {"id":1957, "name":"ui-radios-grid"},
    {"id":1958, "name":"umbrella"},
    {"id":1959, "name":"umbrella-fill"},
    {"id":1960, "name":"unindent"},
    {"id":1961, "name":"union"},
    {"id":1962, "name":"unity"},
    {"id":1963, "name":"universal-access"},
    {"id":1964, "name":"universal-access-circle"},
    {"id":1965, "name":"unlock"},
    {"id":1966, "name":"unlock-fill"},
    {"id":1967, "name":"upc"},
    {"id":1968, "name":"upc-scan"},
    {"id":1969, "name":"upload"},
    {"id":1970, "name":"usb"},
    {"id":1971, "name":"usb-c"},
    {"id":1972, "name":"usb-c-fill"},
    {"id":1973, "name":"usb-drive"},
    {"id":1974, "name":"usb-drive-fill"},
    {"id":1975, "name":"usb-fill"},
    {"id":1976, "name":"usb-micro"},
    {"id":1977, "name":"usb-micro-fill"},
    {"id":1978, "name":"usb-mini"},
    {"id":1979, "name":"usb-mini-fill"},
    {"id":1980, "name":"usb-plug"},
    {"id":1981, "name":"usb-plug-fill"},
    {"id":1982, "name":"usb-symbol"},
    {"id":1983, "name":"valentine"},
    {"id":1984, "name":"valentine2"},
    {"id":1985, "name":"vector-pen"},
    {"id":1986, "name":"view-list"},
    {"id":1987, "name":"view-stacked"},
    {"id":1988, "name":"vignette"},
    {"id":1989, "name":"vimeo"},
    {"id":1990, "name":"vinyl"},
    {"id":1991, "name":"vinyl-fill"},
    {"id":1992, "name":"virus"},
    {"id":1993, "name":"virus2"},
    {"id":1994, "name":"voicemail"},
    {"id":1995, "name":"volume-down"},
    {"id":1996, "name":"volume-down-fill"},
    {"id":1997, "name":"volume-mute"},
    {"id":1998, "name":"volume-mute-fill"},
    {"id":1999, "name":"volume-off"},
    {"id":2000, "name":"volume-off-fill"},
    {"id":2001, "name":"volume-up"},
    {"id":2002, "name":"volume-up-fill"},
    {"id":2003, "name":"vr"},
    {"id":2004, "name":"wallet"},
    {"id":2005, "name":"wallet-fill"},
    {"id":2006, "name":"wallet2"},
    {"id":2007, "name":"watch"},
    {"id":2008, "name":"water"},
    {"id":2009, "name":"webcam"},
    {"id":2010, "name":"webcam-fill"},
    {"id":2011, "name":"wechat"},
    {"id":2012, "name":"whatsapp"},
    {"id":2013, "name":"wifi"},
    {"id":2014, "name":"wifi-1"},
    {"id":2015, "name":"wifi-2"},
    {"id":2016, "name":"wifi-off"},
    {"id":2017, "name":"wikipedia"},
    {"id":2018, "name":"wind"},
    {"id":2019, "name":"window"},
    {"id":2020, "name":"window-dash"},
    {"id":2021, "name":"window-desktop"},
    {"id":2022, "name":"window-dock"},
    {"id":2023, "name":"window-fullscreen"},
    {"id":2024, "name":"window-plus"},
    {"id":2025, "name":"window-sidebar"},
    {"id":2026, "name":"window-split"},
    {"id":2027, "name":"window-stack"},
    {"id":2028, "name":"window-x"},
    {"id":2029, "name":"windows"},
    {"id":2030, "name":"wordpress"},
    {"id":2031, "name":"wrench"},
    {"id":2032, "name":"wrench-adjustable"},
    {"id":2033, "name":"wrench-adjustable-circle"},
    {"id":2034, "name":"wrench-adjustable-circle-fill"},
    {"id":2035, "name":"x"},
    {"id":2036, "name":"x-circle"},
    {"id":2037, "name":"x-circle-fill"},
    {"id":2038, "name":"x-diamond"},
    {"id":2039, "name":"x-diamond-fill"},
    {"id":2040, "name":"x-lg"},
    {"id":2041, "name":"x-octagon"},
    {"id":2042, "name":"x-octagon-fill"},
    {"id":2043, "name":"x-square"},
    {"id":2044, "name":"x-square-fill"},
    {"id":2045, "name":"xbox"},
    {"id":2046, "name":"yelp"},
    {"id":2047, "name":"yin-yang"},
    {"id":2048, "name":"youtube"},
    {"id":2049, "name":"zoom-in"},
    {"id":2050, "name":"zoom-out"}    
   
]
